district,Democrat,Republican,Swing,Unknown,total_voters,republican_voters,democrat_voters,swing_voters,net_advantage,net_advantage_pct,rep_pct,dem_pct,known_voters_Republican,modeled_voters_Republican,known_voters_Democrat,modeled_voters_Democrat
4,51097.0,463807.0,11212.0,0,526116.0,463807.0,51097.0,11212.0,412710.0,78.44467759961682,88.15679431912355,9.712116719506724,24277.0,439530.0,6617.0,44480.0
38,189192.0,508560.0,108102.0,0,805854.0,508560.0,189192.0,108102.0,319368.0,39.63100015635587,63.10820570475545,23.477205548399585,26528.0,482032.0,9722.0,179470.0
36,170866.0,486696.0,57865.0,0,715427.0,486696.0,170866.0,57865.0,315830.0,44.145664057968176,68.0287436733587,23.88307961539053,25480.0,461216.0,8170.0,162696.0
1,31397.0,316382.0,12291.0,0,360070.0,316382.0,31397.0,12291.0,284985.0,79.14711028411142,87.86680367706279,8.71969339295137,19914.0,296468.0,2878.0,28519.0
13,44846.0,326665.0,16840.0,0,388351.0,326665.0,44846.0,16840.0,281819.0,72.5681149269604,84.11591575662223,11.547800829661826,18913.0,307752.0,2493.0,42353.0
14,116844.0,377912.0,23320.0,0,518076.0,377912.0,116844.0,23320.0,261068.0,50.391834402674505,72.9452821593743,22.55344775669979,20856.0,357056.0,7668.0,109176.0
26,113868.0,359100.0,67909.0,0,540877.0,359100.0,113868.0,67909.0,245232.0,45.33969830479018,66.3921741911747,21.05247588638452,16457.0,342643.0,4998.0,108870.0
17,95011.0,338462.0,17983.0,0,451456.0,338462.0,95011.0,17983.0,243451.0,53.92574248653247,74.97120428125886,21.045461794726396,21074.0,317388.0,3672.0,91339.0
19,598.0,185971.0,473.0,0,187042.0,185971.0,598.0,473.0,185373.0,99.10768704355172,99.42740133232108,0.3197142887693673,10412.0,175559.0,594.0,4.0
31,111887.0,294336.0,62780.0,0,469003.0,294336.0,111887.0,62780.0,182449.0,38.9014569203182,62.75780751935489,23.85635059903668,18501.0,275835.0,5487.0,106400.0
3,13872.0,195778.0,12329.0,0,221979.0,195778.0,13872.0,12329.0,181906.0,81.94739141990908,88.19663121286247,6.249239792953388,9865.0,185913.0,1457.0,12415.0
22,104885.0,262283.0,64754.0,0,431922.0,262283.0,104885.0,64754.0,157398.0,36.44130190173226,60.72462157519182,24.283319673459562,15797.0,246486.0,5742.0,99143.0
24,152779.0,306732.0,84273.0,0,543784.0,306732.0,152779.0,84273.0,153953.0,28.31142512468186,56.40695570299972,28.095530578317863,21370.0,285362.0,9878.0,142901.0
11,6099.0,156286.0,854.0,0,163239.0,156286.0,6099.0,854.0,150187.0,92.00436170277936,95.74060120436906,3.7362395015896936,9608.0,146678.0,740.0,5359.0
15,8304.0,148744.0,2807.0,0,159855.0,148744.0,8304.0,2807.0,140440.0,87.85461824778706,93.04932595164368,5.19470770385662,8982.0,139762.0,1348.0,6956.0
16,608579.0,730704.0,53108.0,0,1392391.0,730704.0,608579.0,53108.0,122125.0,8.770884040474265,52.47836275873659,43.70747871826233,38541.0,692163.0,19373.0,589206.0
12,121698.0,240783.0,71508.0,0,433989.0,240783.0,121698.0,71508.0,119085.0,27.43963556680008,55.48136012663916,28.041724559839075,11743.0,229040.0,5725.0,115973.0
21,168535.0,282231.0,74737.0,0,525503.0,282231.0,168535.0,74737.0,113696.0,21.635651937286752,53.706829456730034,32.071177519443275,21568.0,260663.0,10979.0,157556.0
10,105934.0,207455.0,55587.0,0,368976.0,207455.0,105934.0,55587.0,101521.0,27.51425566974546,56.22452408828759,28.710268418542128,15327.0,192128.0,6129.0,99805.0
27,21863.0,113779.0,12266.0,0,147908.0,113779.0,21863.0,12266.0,91916.0,62.14403548151554,76.92552126997863,14.781485788463097,6308.0,107471.0,1617.0,20246.0
25,123397.0,209650.0,35556.0,0,368603.0,209650.0,123397.0,35556.0,86253.0,23.399972327951755,56.87691093127294,33.47693860332119,15323.0,194327.0,4834.0,118563.0
34,11598.0,89003.0,270.0,0,100871.0,89003.0,11598.0,270.0,77405.0,76.73662400491718,88.23447769923962,11.497853694322451,6188.0,82815.0,775.0,10823.0
2,321822.0,326965.0,67161.0,0,715948.0,326965.0,321822.0,67161.0,5143.0,0.718348259929492,45.66881952320559,44.95047126327611,18251.0,308714.0,10413.0,311409.0
5,168183.0,140798.0,34516.0,0,343497.0,140798.0,168183.0,34516.0,-27385.0,-7.972413150624313,40.989586517495056,48.96199966811937,10576.0,130222.0,5199.0,162984.0
23,185538.0,154692.0,38928.0,0,379158.0,154692.0,185538.0,38928.0,-30846.0,-8.135394743088634,40.79882265440792,48.93421739749656,9893.0,144799.0,5702.0,179836.0
6,115734.0,79953.0,15254.0,0,210941.0,79953.0,115734.0,15254.0,-35781.0,-16.9625629915474,37.903015535149635,54.865578526697035,5272.0,74681.0,3423.0,112311.0
8,371358.0,279552.0,43450.0,0,694360.0,279552.0,371358.0,43450.0,-91806.0,-13.221671755285444,40.260383662653375,53.482055417938824,15677.0,263875.0,10352.0,361006.0
29,498820.0,313334.0,66090.0,0,878244.0,313334.0,498820.0,66090.0,-185486.0,-21.120098742490697,35.67732885166309,56.797427594153795,18502.0,294832.0,12008.0,486812.0
28,291731.0,101939.0,21421.0,0,415091.0,101939.0,291731.0,21421.0,-189792.0,-45.72298604402408,24.558229400300174,70.28121544432425,5929.0,96010.0,12646.0,279085.0
9,437705.0,220340.0,27786.0,0,685831.0,220340.0,437705.0,27786.0,-217365.0,-31.693667973596995,32.12744830723604,63.82111628083303,12671.0,207669.0,16378.0,421327.0
18,591790.0,371400.0,75392.0,0,1038582.0,371400.0,591790.0,75392.0,-220390.0,-21.22027918835489,35.760296250079435,56.98057543843432,22834.0,348566.0,19512.0,572278.0
7,457280.0,197717.0,60621.0,0,715618.0,197717.0,457280.0,60621.0,-259563.0,-36.271167019275644,27.62884667518145,63.9000136944571,14812.0,182905.0,12698.0,444582.0
32,328835.0,45894.0,21583.0,0,396312.0,45894.0,328835.0,21583.0,-282941.0,-71.3934980520398,11.580270090231938,82.97376814227174,6517.0,39377.0,10207.0,318628.0
33,319536.0,15378.0,12238.0,0,347152.0,15378.0,319536.0,12238.0,-304158.0,-87.61522330276075,4.429759874637047,92.0449831773978,2098.0,13280.0,6823.0,312713.0
35,447174.0,45243.0,13442.0,0,505859.0,45243.0,447174.0,13442.0,-401931.0,-79.45514461539678,8.94379659154033,88.39894120693711,4204.0,41039.0,10227.0,436947.0
20,417140.0,10417.0,29054.0,0,456611.0,10417.0,417140.0,29054.0,-406723.0,-89.07428861766361,2.2813729848820987,91.35566160254571,4312.0,6105.0,8691.0,408449.0
30,456376.0,6456.0,5058.0,0,467890.0,6456.0,456376.0,5058.0,-449920.0,-96.15935369424437,1.379811494154609,97.53916518839898,2773.0,3683.0,18400.0,437976.0
37,538894.0,42641.0,9129.0,0,590664.0,42641.0,538894.0,9129.0,-496253.0,-84.01612422629448,7.219163517668252,91.23528774396273,7322.0,35319.0,25058.0,513836.0
